CustomerName,Email,PreferredLanguage,LoyaltyPoints,MembershipLevel
Robert Williams,echung@example.com,French,225,Bronze
Alyssa Hicks,atkinsmarie@example.org,German,694,Silver
Dr. Elaine Shepherd MD,jose80@example.net,French,859,Bronze
Michael Chan,xespinoza@example.org,Spanish,263,Gold
Nicole Mason,linda61@example.org,German,889,Gold
Brian Ray,jimmy16@example.net,French,925,Bronze
Jacob Powell,william51@example.com,German,446,Bronze
William Bridges,johnsonkim@example.net,French,723,Bronze
Gerald Young,evansstephanie@example.com,French,442,Bronze
Casey Garcia,richardhammond@example.net,German,136,Silver
Michelle Beard,eric63@example.com,German,877,Silver
Christy Lee,larry77@example.com,Spanish,437,Gold
Scott Ford,rpowell@example.com,English,185,Bronze
Emily Vincent,tmullins@example.com,German,278,Silver
Rhonda Young,catherinehudson@example.net,French,919,Silver
Thomas Wilson,rodriguezdouglas@example.com,Spanish,563,Silver
Megan Smith,alan24@example.org,French,146,Silver
Laura Allison,robertsjeremy@example.org,German,734,Gold
Melissa Avery,erinlamb@example.com,German,256,Silver
Edward Ramos,jeffrey20@example.net,French,883,Silver
Lindsay Mathews,hortoncaitlin@example.com,English,441,Silver
Heather Patrick,uperez@example.com,French,532,Silver
Nicholas Jones,brandon69@example.org,English,374,Silver
Jacob Hendricks,woodsannette@example.org,Spanish,821,Gold
Kevin Moore DVM,smithcourtney@example.net,German,610,Bronze
Donna Frost,zlyons@example.net,English,284,Silver
Kimberly Fox,andersonamy@example.org,German,676,Silver
Curtis Villanueva,paul25@example.org,English,907,Gold
Amanda Owen,caitlin20@example.org,Spanish,915,Gold
Eric Jones,lopezlaurie@example.org,French,728,Gold
Adam Sanders,harriskeith@example.org,Spanish,770,Silver
Stephen King,andreagonzalez@example.org,Spanish,713,Gold
Erica Roach,rdean@example.org,German,283,Bronze
Jose Ray,clarktracy@example.org,German,978,Gold
Mr. Daniel Aguilar DDS,russellthomas@example.com,German,957,Bronze
Megan Lopez,michelleli@example.com,English,384,Bronze
Matthew Lee,angelaneal@example.net,German,562,Bronze
James Foster,nrichardson@example.org,English,444,Gold
Courtney Smith,ericmaynard@example.net,French,64,Gold
Karen Weeks,beth90@example.com,English,591,Silver
Laura Rodriguez,hughesrenee@example.com,French,239,Bronze
Mr. Brian Jones,gilmoresharon@example.net,English,267,Silver
Maria Cox,claytonmiller@example.org,English,615,Gold
Brianna Lawson,qmurphy@example.net,English,614,Bronze
Brett Gutierrez,kevin00@example.com,French,554,Bronze
Michelle Herman,gschneider@example.com,German,9,Silver
Richard Hernandez,phillipsstephanie@example.org,Spanish,931,Gold
Allison Wilson,angelicacruz@example.org,Spanish,626,Gold
Matthew Mcclure,williamsmichael@example.org,Spanish,129,Gold
Bobby Mercer,andersonvictoria@example.net,Spanish,645,Bronze
Johnny Lozano,anneneal@example.com,Spanish,286,Silver
Amanda Smith,jfuller@example.com,German,736,Silver
Jasmine Maddox,egreen@example.com,German,630,Silver
Thomas Deleon,aandersen@example.net,German,362,Bronze
Shelia Hall,mrussell@example.com,Spanish,286,Gold
Shawn Rice,nancy09@example.net,German,704,Gold
Kayla Bolton,ajackson@example.com,English,140,Gold
Patricia Rodriguez,davidbrown@example.org,Spanish,139,Gold
Jennifer Gallagher,blake59@example.net,Spanish,691,Bronze
Rodney Hanna,rebecca70@example.net,French,814,Silver
Jessica Collins,twashington@example.net,German,78,Bronze
David Mcconnell,jessica36@example.com,English,693,Gold
Lisa Taylor,montgomerykaren@example.net,English,168,Gold
Elizabeth Shaw,williamsgina@example.com,Spanish,984,Gold
Douglas Vargas,kendra41@example.com,English,691,Gold
Scott Jones,ochoashelby@example.net,Spanish,733,Bronze
Savannah Mullins,kristi95@example.com,Spanish,995,Bronze
Ellen Lynch,davidsoncarlos@example.org,German,852,Silver
Sean Griffin,jamesball@example.org,French,552,Gold
Michael Mcdonald,scarter@example.net,Spanish,878,Bronze
Mary Harrison,conniepatel@example.com,English,148,Silver
Theresa Morales,clementsclifford@example.com,French,651,Bronze
Emily Harvey,james72@example.com,French,823,Bronze
Maria Finley,annettemendez@example.net,Spanish,677,Gold
Kevin Barton,alexanderkimberly@example.com,German,736,Bronze
Cindy Williams,qhenderson@example.com,Spanish,297,Gold
Kimberly Lane,tylernoble@example.net,German,322,Gold
Tammy Luna,crystalmartin@example.net,French,679,Bronze
Sheena Nelson,crawfordanthony@example.com,French,964,Silver
Stephanie Gray,jonesmichael@example.net,English,927,Bronze
Monica Butler,yrogers@example.net,French,558,Bronze
Megan Adams,paullindsey@example.com,French,252,Silver
Bryan Garcia,ericawilliams@example.net,English,218,Silver
Roger Davis,rachael50@example.net,German,877,Silver
John Salas,charles82@example.com,English,297,Gold
Rebecca Warner,billy88@example.org,German,245,Gold
John Smith,jasminewilliams@example.org,German,294,Bronze
Perry Berry,alexandria63@example.org,French,389,Silver
Mr. Samuel Morris,ericasmith@example.org,French,808,Bronze
Julia Trujillo,brandon89@example.net,German,824,Bronze
James Holmes,zpeterson@example.com,English,684,Gold
Brandon Morgan,dwheeler@example.net,English,961,Gold
Anne Vasquez,djones@example.net,English,897,Gold
Tyler Stokes,rossdavid@example.net,French,373,Gold
Jennifer Mcgee,connie86@example.net,German,251,Gold
Amy Dominguez,qwalker@example.net,English,650,Gold
Jennifer Lee,amy59@example.com,Spanish,551,Silver
Elizabeth Mitchell,marymoran@example.net,English,270,Gold
James Vazquez,watsondaniel@example.com,French,196,Gold
Michelle Osborne,bdickson@example.org,English,657,Bronze
Ronald Washington,figueroajeffrey@example.net,French,747,Bronze
Michelle Castaneda,kelsey45@example.org,English,583,Silver
Timothy Morse,phyllisrivera@example.net,Spanish,899,Bronze
Louis Brooks,powellwilliam@example.net,Spanish,733,Gold
Jose Smith,roger71@example.com,English,672,Silver
Sheri Vaughn,kennethking@example.com,Spanish,301,Silver
James Jordan,nacevedo@example.org,Spanish,906,Bronze
Karen Nash,rosalessean@example.net,German,437,Gold
Michael Smith,dgomez@example.com,German,898,Gold
Anthony Fry Jr.,brookemcfarland@example.com,German,262,Gold
Matthew Riley,garrett12@example.com,English,541,Gold
Stephanie Garcia,tara40@example.net,Spanish,975,Silver
Joshua Sanchez,alexandraherrera@example.com,French,172,Silver
Katrina West,nancyramsey@example.org,French,134,Silver
Chad Rodriguez,schroederchristopher@example.net,German,595,Silver
Gregory Mcgee,huntkelly@example.com,French,453,Gold
Jessica Mcdowell,mcintoshstephanie@example.org,English,360,Gold
Brett West,bweaver@example.com,German,660,Gold
Aaron Liu,erin59@example.net,German,420,Silver
Christian Dougherty,bmullins@example.net,German,789,Bronze
Mary Rocha,dominguezcaroline@example.com,French,418,Silver
Russell Cummings,dlogan@example.com,Spanish,645,Bronze
Michelle Williams,ycarroll@example.org,German,936,Gold
Amanda Cook,hannah99@example.org,French,402,Silver
James Edwards,npotter@example.net,German,461,Bronze
Christine Knox,michael25@example.com,German,347,Gold
Daniel Phillips,jessica33@example.net,German,735,Gold
William Jackson,debra59@example.com,German,156,Gold
Michael Aguilar,daniel17@example.com,German,665,Gold
Danielle Walter,paul88@example.com,English,856,Bronze
Robert Scott,uowen@example.org,German,614,Bronze
Kelli Davis,brettmitchell@example.org,French,516,Bronze
Deborah Simmons,dconway@example.com,French,902,Gold
Victoria Gardner,millerjack@example.org,German,654,Bronze
Shelley Davis,vincentcampbell@example.net,German,508,Bronze
Angela Lawson,ugarcia@example.net,Spanish,445,Gold
Madison Marks,knappkevin@example.net,French,962,Bronze
Erica Smith,alyssa96@example.org,German,645,Silver
Christian Valdez,megan01@example.org,French,815,Gold
Lisa Russell,williamsmichael@example.net,Spanish,334,Silver
John Casey,hpatel@example.com,English,591,Gold
Melissa Pham,taylor51@example.com,Spanish,892,Silver
Angel Knight,samuel89@example.org,English,659,Silver
Curtis Roberts,zmorgan@example.net,German,544,Gold
Elizabeth Santana,carlarodriguez@example.net,German,136,Silver
Elizabeth Ross,hwelch@example.org,French,963,Gold
Jason Martinez,paulsimmons@example.com,German,820,Bronze
Tabitha Macias,parkerheather@example.net,Spanish,135,Gold
Phillip Mora,allenkatherine@example.com,French,536,Bronze
Duane Velazquez,hernandezhaley@example.com,French,259,Gold
Christopher Simpson,timothyperkins@example.org,German,79,Bronze
David Pitts,rhall@example.org,Spanish,359,Silver
Ryan Johnson,ideleon@example.net,German,952,Gold
Michael Brown,andersonchelsey@example.com,German,146,Gold
Amy Brennan,qsolis@example.net,English,662,Gold
Sean Knight,smithjason@example.com,Spanish,642,Gold
Joshua Williams,allisonharrington@example.org,German,764,Bronze
Christina Baker,zrogers@example.org,Spanish,0,Gold
Joshua Suarez,blake04@example.org,German,616,Gold
Tony Anderson,christine99@example.org,French,335,Bronze
Shaun Graves,donaldrogers@example.net,German,290,Gold
Scott Young,armstrongbill@example.com,Spanish,624,Silver
Michael Harrington,hodgesrobin@example.net,German,704,Bronze
Elizabeth Murphy,courtney28@example.net,Spanish,15,Gold
Taylor Carroll,jacqueline13@example.com,French,930,Gold
Jacqueline Young,michael63@example.org,English,731,Silver
Mary Carr,dward@example.com,German,908,Bronze
John Hamilton,taylorsanders@example.com,Spanish,622,Silver
David Friedman,brandon78@example.com,French,568,Silver
James Garcia,samuelpoole@example.com,English,98,Gold
Alicia Phillips,jonathan86@example.net,English,366,Bronze
Hannah Baker,royjohn@example.org,Spanish,698,Bronze
Stephen Haas,pdiaz@example.com,English,236,Bronze
Alyssa Tran,probbins@example.org,Spanish,688,Gold
Sarah Thomas,evancook@example.com,English,420,Gold
Allen Chen,david28@example.org,Spanish,395,Gold
Robert Chase,jeremyvelazquez@example.com,English,58,Silver
Kelly Armstrong,nicole26@example.org,English,316,Bronze
Joshua Williams,tara85@example.net,French,361,Silver
Patricia Mcdonald,murraydouglas@example.com,French,568,Bronze
Matthew Jackson,cooperdavid@example.net,English,578,Silver
Jennifer Young,gflores@example.org,French,519,Bronze
Jennifer Brooks,ramirezkenneth@example.org,German,799,Bronze
Michael Newman,johnathan70@example.org,German,658,Bronze
Robert Palmer,moralesjoseph@example.org,German,790,Silver
Frederick Johnson,buckdeborah@example.net,Spanish,497,Silver
Linda Palmer,joshuaroman@example.com,Spanish,302,Bronze
Stephen Parsons,bpatel@example.net,English,932,Silver
Kyle Small,nancylee@example.org,French,298,Gold
Kyle Thomas,carolyn65@example.net,French,465,Bronze
Brandon Miller,amy83@example.org,Spanish,348,Gold
Joseph Maldonado,markmcgrath@example.com,French,634,Bronze
Jesus Thompson,clarson@example.com,English,719,Bronze
John Ayala,pjames@example.org,German,671,Silver
Paul Douglas,spotter@example.net,French,790,Bronze
Joshua Holmes,darrellburke@example.net,English,316,Gold
Nancy Lowe,woodsgregory@example.org,Spanish,431,Bronze
Scott Lewis,christian56@example.net,German,362,Bronze
Edward Carroll,alexandramiller@example.net,Spanish,39,Bronze
Keith White,robertberry@example.org,French,546,Silver
John Dominguez,douglas40@example.com,French,806,Silver
Joel Roberts,joshua52@example.org,German,146,Bronze
Jeremy Lopez,jmccarty@example.net,French,489,Bronze
Diane Murphy,freemandustin@example.net,English,733,Bronze
Michael Edwards,tamara90@example.com,German,343,Gold
Amy Lopez,gutierrezsamuel@example.com,English,25,Bronze
Meghan Ball,rmills@example.com,English,369,Bronze
David Gibson,benjamin58@example.com,French,195,Gold
April Calderon,philipgarner@example.net,Spanish,241,Silver
Whitney Bell,sara36@example.net,French,304,Bronze
Nicholas Hughes,thawkins@example.com,French,287,Silver
Monica Stein,hinesanna@example.net,Spanish,197,Silver
Desiree Strong,youngdana@example.org,French,669,Gold
Natasha West,eatoncory@example.net,French,91,Gold
Maria Lee,laurenlee@example.com,English,479,Bronze
Barbara Moore,harrisdawn@example.org,French,40,Silver
William Williams,edwardperez@example.net,French,985,Gold
David Mcpherson,yward@example.com,German,594,Silver
Ronald Rubio,ericksonmelissa@example.org,German,24,Bronze
Sherry Jackson,amanda15@example.net,English,769,Gold
Jennifer Jackson,robbinskimberly@example.net,English,946,Gold
Mia Lee,christopher64@example.net,French,566,Bronze
Jessica Clark,iholland@example.com,German,73,Gold
Brandi Perry MD,jodiwest@example.com,French,169,Bronze
Melinda Ortiz,stephenjacobs@example.net,German,80,Bronze
Julia Silva,williamslucas@example.org,German,846,Gold
Adam Evans,brandon09@example.com,German,306,Bronze
Kelly Moore,mathismichelle@example.org,German,195,Bronze
Anthony Peterson,nswanson@example.com,German,973,Gold
Jorge Bartlett,anthony13@example.net,Spanish,442,Bronze
Derek Booth,charles50@example.org,German,312,Gold
Jeremy Moore,benjamin42@example.com,French,593,Silver
Randy Huffman,shortamanda@example.com,Spanish,408,Silver
Christian Adkins,scott80@example.net,French,463,Bronze
Barbara Dickerson,villanuevaamanda@example.com,Spanish,152,Gold
Ashley Compton,schwartzjames@example.org,Spanish,746,Bronze
Jessica Rodriguez,craig34@example.net,English,475,Silver
Douglas Sims,gwebb@example.com,German,670,Silver
Melissa Martinez,lauramurphy@example.net,French,781,Gold
John Gomez,annajohnson@example.com,Spanish,879,Silver
Amanda Bailey,kingchristopher@example.com,Spanish,377,Gold
Tyler Anderson,richard07@example.org,French,316,Gold
Kirsten Smith,elizabeth57@example.com,English,143,Silver
Robert Vasquez,teresamartinez@example.net,Spanish,53,Silver
Samuel Watson,brent72@example.org,Spanish,229,Gold
Lisa Mckinney,aadams@example.com,Spanish,541,Silver
Chelsea Decker,gordonalexander@example.org,English,455,Gold
Dennis Mejia,lrobinson@example.net,French,416,Gold
Donna Le,brownheather@example.org,German,248,Bronze
Natalie Alexander,jamiewalker@example.org,English,711,Silver
Amanda Stark,keithknight@example.org,German,413,Silver
Melissa Adkins,paulmorris@example.com,Spanish,642,Silver
Jason Weiss,jamesgamble@example.net,French,692,Bronze
Christopher Vasquez,hmitchell@example.com,German,807,Gold
Richard Gray,xcook@example.net,Spanish,623,Gold
Willie Wang,alexander84@example.org,French,299,Bronze
David Hernandez,xhill@example.org,German,635,Gold
Tiffany Ingram,ljennings@example.net,French,33,Bronze
Audrey Carpenter,dennis79@example.com,German,649,Silver
Brian Little,mrivera@example.net,Spanish,658,Gold
Regina Noble,sarahneal@example.org,English,762,Silver
Alexandra Richardson,esteskeith@example.com,English,815,Silver
Victor Anderson,david86@example.com,English,238,Gold
Jennifer Mullen,briggssteven@example.org,English,741,Gold
Ryan Hall,sschwartz@example.com,Spanish,930,Bronze
Bryan Johnson,christycosta@example.com,French,596,Bronze
Joseph Fletcher,normanbrian@example.org,English,35,Gold
Connor Sparks,wramsey@example.net,Spanish,870,Gold
Katrina Roberson,richardsreginald@example.net,French,551,Bronze
Amy Hardin DDS,gibbskaren@example.net,German,505,Silver
James Castillo,kmacdonald@example.net,German,51,Gold
Tyler Hoffman,sara16@example.org,French,234,Gold
Tammy Brown,hernandezeric@example.org,German,430,Bronze
Steven Davis,nmckinney@example.org,Spanish,410,Gold
Jacob Stone,thomasderek@example.net,Spanish,880,Silver
Amy Young,greerannette@example.com,Spanish,26,Bronze
Terry Weber,juliaterry@example.org,English,804,Gold
Jason Smith,mbarker@example.org,German,90,Bronze
David Curtis,dale14@example.net,Spanish,25,Bronze
Alan Clayton,timothy44@example.org,German,762,Gold
Heather Gray,zhodge@example.net,Spanish,452,Bronze
Jennifer Thomas,ymartin@example.net,French,157,Gold
Sarah Sanders,stevensstephanie@example.com,German,198,Bronze
William Stanton,vaughnjohn@example.org,English,858,Bronze
Lisa Gonzalez,carlos03@example.org,English,34,Silver
Kim Potter,ashleyarnold@example.org,Spanish,704,Bronze
Mark Jackson,markfernandez@example.org,French,674,Silver
Mary Johnson,danielmegan@example.net,English,81,Bronze
Logan Davis,murillobarry@example.org,Spanish,68,Gold
Gerald Hunter,charlesramirez@example.com,English,78,Gold
Vincent Perez,bdavis@example.org,English,59,Silver
Amy Allen,sbauer@example.org,Spanish,879,Gold
Julia Sanchez,scottdrake@example.net,Spanish,676,Silver
Michael Thomas,maryalvarado@example.org,English,859,Bronze
Brenda Fox,griffithsteven@example.org,Spanish,683,Gold
David Mitchell,pamelacurtis@example.com,French,978,Bronze
Erin Kim,obates@example.net,German,450,Gold
George Jackson,warren29@example.org,French,619,Bronze
Allison Long,cynthiamartinez@example.net,French,679,Bronze
Mrs. Melissa Richards,lindsey61@example.net,English,179,Gold
Thomas Silva,bakermartin@example.org,German,140,Bronze
Justin King,gbernard@example.com,Spanish,837,Bronze
Yvonne Coleman,matthewcole@example.com,English,619,Gold
Michael Mitchell,amber71@example.org,German,751,Silver
Lori Ramirez,landerson@example.com,German,68,Silver
Marie Dean,stewartshirley@example.net,Spanish,270,Gold
Lori Chan,martinjennifer@example.com,English,799,Bronze
Jennifer Osborn,morganolivia@example.org,French,911,Silver
Daniel Wilson,cathy36@example.net,English,986,Bronze
Angela Ramirez,okim@example.org,French,580,Bronze
Samuel Holland,kaylee73@example.com,English,52,Bronze
Angel Cannon,garcianicole@example.com,French,733,Bronze
Ashley Bryant,krystal13@example.net,German,87,Silver
Latasha Johnson,brandon99@example.net,French,935,Bronze
Brenda Franco,jasonlong@example.net,French,625,Silver
Monica Smith,stoutjillian@example.net,French,261,Silver
Derek Knapp,nanderson@example.com,French,851,Silver
Todd Gray,leenicole@example.net,German,643,Bronze
Melissa Jackson,zyork@example.com,French,41,Silver
Kenneth Lang,ahowe@example.com,English,876,Gold
Brian Gonzalez,gailcolon@example.net,English,855,Bronze
Ronald Webster,oconnorchase@example.com,Spanish,913,Silver
Jeffrey Williams,baileyamy@example.com,English,381,Gold
Amy Sanchez,fosterlori@example.org,German,970,Silver
Dorothy Barker,iwong@example.org,German,388,Bronze
Andrew Rocha,bradleypalmer@example.net,Spanish,602,Silver
Ronnie Perez,ocollins@example.net,French,661,Silver
Kathy Wilson,dustin27@example.org,Spanish,330,Silver
Mr. Theodore Anderson,parkertaylor@example.org,German,197,Silver
Melissa Jackson,hendrixmichael@example.org,French,518,Bronze
Joseph Evans,yandrews@example.net,French,48,Gold
Brenda Smith,hweeks@example.net,Spanish,133,Silver
Joshua Henson,wolfmichael@example.net,English,29,Silver
Patricia Howard,salasjustin@example.com,French,677,Silver
Angela Robinson,igarner@example.org,Spanish,54,Bronze
Angela Evans,hclark@example.org,English,543,Gold
Jennifer Russell,patrickwelch@example.org,French,717,Bronze
David Jackson,kbailey@example.org,English,558,Gold
Ricky Burnett,gdavies@example.com,Spanish,391,Bronze
Norman Martin,connerricky@example.com,German,494,Gold
Courtney Powell,jonathanortiz@example.net,German,431,Gold
Taylor Schultz,hammondtammy@example.org,German,278,Silver
Todd Scott,kimberly74@example.com,Spanish,459,Gold
Kristin Green,april84@example.com,Spanish,55,Bronze
Eric Rowe,antonioklein@example.net,French,969,Silver
Jason Robinson,tina29@example.net,French,549,Silver
Richard Wood,danielkatelyn@example.org,Spanish,896,Gold
Jonathan Lambert,patelmary@example.net,French,307,Silver
Warren Cunningham,joysmith@example.net,German,443,Silver
Donald Harris,fosterstephanie@example.net,Spanish,54,Silver
Michael Berry,dawn72@example.net,English,360,Gold
Emily Burke,jenkinsjordan@example.net,Spanish,245,Silver
Nicole Andrews DDS,franklinlori@example.com,German,836,Gold
Laura Byrd,chloefinley@example.org,German,352,Bronze
Jack Maxwell,salastheresa@example.org,German,898,Silver
Luis Garcia,pamela12@example.com,German,202,Bronze
Patricia Williams,mbrady@example.com,French,85,Gold
Joshua Thompson,jeffreybenitez@example.org,German,940,Bronze
Kathy Watson,laura93@example.net,German,609,Silver
Michelle Weeks,wpowell@example.org,French,26,Gold
Aaron Fisher,jared18@example.org,French,599,Silver
Sonia Rivera,vsmith@example.org,French,645,Gold
Ryan Baldwin,alexander57@example.org,English,561,Bronze
Timothy Byrd,kimberly11@example.net,English,899,Silver
Pamela Weaver,jason56@example.net,English,326,Silver
Paul Banks,courtneywilson@example.org,French,362,Gold
Jacob Rosales,bjackson@example.org,German,911,Bronze
Colleen Parrish,gamblefelicia@example.com,Spanish,74,Gold
Matthew Rodriguez,courtneygibson@example.net,English,499,Bronze
Christopher Murray,andreafoster@example.net,German,969,Silver
Theresa Williams,kennethmorales@example.org,Spanish,658,Bronze
Sheila Cruz MD,baxterjeffrey@example.com,English,493,Gold
Donna Chapman,ounderwood@example.com,French,742,Gold
Lauren Lewis,guzmancarolyn@example.net,German,157,Gold
Evelyn Weber,jclark@example.net,English,602,Gold
Paula Garcia,ygreen@example.com,Spanish,430,Silver
Zachary Cooley,sabrinamiller@example.net,Spanish,234,Silver
Erica Thompson,twilcox@example.org,Spanish,72,Bronze
Erin Andrews,ohinton@example.net,English,417,Silver
Erin Mullins,lauren45@example.org,French,66,Silver
Kristina Faulkner,meghansullivan@example.org,French,451,Gold
Jessica Smith,andreabentley@example.com,German,340,Gold
Kimberly Mitchell,kyle38@example.com,French,716,Gold
Steven Cruz,kari48@example.com,French,597,Silver
Luke Martinez,zburch@example.org,Spanish,130,Bronze
Anthony Rodriguez,espinozarobin@example.net,German,323,Bronze
Patrick Montoya,bcollins@example.net,English,697,Silver
Mary Garcia,orichard@example.com,English,573,Bronze
Kristen Anderson,craiglambert@example.net,English,116,Gold
Crystal Guerrero,edwardsmatthew@example.com,French,231,Bronze
Robert Harmon,shannon91@example.org,French,766,Gold
Jennifer Osborn,eric11@example.org,German,783,Bronze
Megan Garrison,ggarcia@example.com,French,130,Silver
Joseph Smith,qmartinez@example.net,Spanish,808,Silver
Joseph Sherman,bjohnson@example.org,Spanish,961,Gold
Jennifer Sullivan,melissa95@example.net,German,714,Silver
Steven Santiago,anthony19@example.com,French,147,Silver
Steven Dickson,christophermoore@example.com,German,533,Gold
Cynthia Vargas,billyedwards@example.org,English,895,Gold
Monique Flynn,christopher79@example.net,English,91,Gold
Donald Garza,jacquelineperry@example.org,English,331,Gold
Anthony Newton,dennis29@example.net,Spanish,903,Bronze
Richard Martinez,brittanyyang@example.com,French,477,Bronze
Veronica Raymond,monicabrown@example.net,English,138,Silver
Karen Dixon,natalielewis@example.org,German,805,Gold
Rachel Marquez,samuel65@example.com,German,39,Gold
Noah Spence,nguyenmelinda@example.net,French,972,Gold
Rachel Baker,ramirezjames@example.org,Spanish,343,Silver
Micheal Hayes,jmcbride@example.net,German,901,Silver
William Hernandez,scott99@example.com,German,82,Gold
Richard Burton,lcervantes@example.org,Spanish,501,Silver
Ryan Freeman,afarrell@example.net,Spanish,418,Gold
Edward Duncan,oliviapark@example.com,Spanish,418,Bronze
Kathleen Mccoy,flemingcarlos@example.net,French,320,Silver
Jared Mitchell,uhodge@example.com,French,70,Bronze
Rebecca Walker,andersonlisa@example.org,German,524,Gold
Doris Tate,laurenjordan@example.org,German,911,Gold
Karina May,timothycarson@example.com,German,348,Silver
Mark White,annette03@example.org,English,698,Bronze
Shelly Beard,tiffanypreston@example.com,English,174,Gold
Tyler King,sandrahiggins@example.org,Spanish,792,Silver
Robin Garrett,jameskevin@example.com,English,502,Silver
Julie Martinez,christina72@example.org,English,88,Gold
Ashley Gutierrez,michaeljason@example.net,French,572,Bronze
Jason Castaneda,kmoore@example.net,English,561,Gold
Ariel Garrett,daniel86@example.net,Spanish,337,Gold
Michael Parker,nicole75@example.com,French,404,Silver
Mary Holland,bakeramanda@example.org,Spanish,175,Gold
Teresa Nguyen,crodriguez@example.com,French,736,Bronze
Luis Perry,mullinsdaniel@example.org,German,426,Bronze
Jose Peterson,sylvia15@example.com,German,504,Gold
Julie Collins,bethany35@example.net,German,374,Gold
Carl Kelly,maryjohnson@example.com,French,978,Bronze
Mark Williams,mcmillanhector@example.org,Spanish,702,Gold
Robert Freeman,garciapatrick@example.com,French,725,Gold
Tammy Miles,lisawalters@example.org,English,290,Silver
Joanne Shields,singhkarina@example.org,Spanish,966,Silver
Chase Christian,goodmanteresa@example.net,French,50,Silver
Monica Peters,edwarddominguez@example.com,English,808,Gold
Barbara May,brandonmacias@example.org,German,772,Silver
Melissa Villa,pennymontgomery@example.com,German,75,Bronze
Timothy Villa,andersontamara@example.com,Spanish,638,Gold
Tim Tucker,rodgersashley@example.net,Spanish,41,Gold
Pamela Stafford,ddrake@example.net,English,996,Bronze
Patrick Logan,hcaldwell@example.org,English,486,Silver
Alicia Franklin,ygallagher@example.com,English,251,Bronze
Olivia Schroeder,matthewmullen@example.org,French,368,Silver
Christian Price,oward@example.net,French,11,Gold
Meredith Bradley,woodmargaret@example.org,French,207,Gold
Grant Fitzpatrick MD,darrellmartin@example.com,German,366,Gold
Alexis Dougherty,yanderson@example.org,German,274,Bronze
Sara Flores,gfleming@example.org,German,667,Gold
William Braun,rcook@example.org,English,682,Gold
Sean Johnson,kathleenwallace@example.org,German,470,Bronze
David Fox,jacob89@example.net,German,579,Silver
Alejandra Gallegos,gpark@example.org,Spanish,764,Gold
Tanya Watson,perezwesley@example.org,French,265,Bronze
Shirley Mann,kimberlybennett@example.org,English,407,Bronze
Erica Johnson,yujacob@example.com,French,784,Silver
Rhonda Parrish,bill34@example.net,German,984,Silver
George Le,nphelps@example.net,Spanish,146,Bronze
Michael Franklin,snyderstephen@example.net,German,977,Gold
Michael Hammond,samuelnichols@example.com,English,260,Silver
Scott Wood,spencerjulie@example.com,English,235,Silver
Kristopher Reyes,graydale@example.net,Spanish,15,Silver
Lawrence Andrews,howellalexandra@example.org,French,117,Bronze
Travis Brown,bethphillips@example.net,English,471,Gold
Jasmine Baker,dylan05@example.com,English,554,Gold
Brandy Short,michelle22@example.net,English,171,Bronze
Nicole Morgan,harringtonsabrina@example.org,English,439,Bronze
Jacob Schneider,edwardmanning@example.net,English,813,Gold
Jesus Cameron,vprice@example.com,German,978,Silver
Michael Robinson,johnsonbridget@example.net,Spanish,720,Gold
Sharon Ellis,yriddle@example.org,French,519,Silver
Katherine Williams,espinozaelizabeth@example.com,German,785,Silver
Ann Allen,fwood@example.com,French,946,Gold
Jill Marshall,lbradford@example.net,English,460,Gold
Julia Alexander,rbonilla@example.net,French,628,Silver
Timothy Franklin,colemanmegan@example.com,English,364,Bronze
Shannon Green,bowmandaniel@example.com,French,245,Bronze
Kimberly Johnson,oliverlance@example.com,German,533,Gold
Nancy Farley,alexdavenport@example.net,German,613,Gold
Richard Mitchell,montgomeryshelly@example.org,English,783,Bronze
Evelyn Powell,phenderson@example.org,English,729,Bronze
Donald English,jameshiggins@example.com,Spanish,753,Silver
Amber Andrews,vwang@example.net,English,0,Bronze
Stephanie Gill,jennifer53@example.com,Spanish,430,Silver
Mr. Geoffrey Boyd,matthewwoodard@example.com,German,427,Bronze
Michelle Jordan,brittany20@example.org,French,84,Bronze
Steven Hoover,reneemoran@example.net,Spanish,804,Bronze
Yolanda Smith,jamesjones@example.net,French,300,Bronze
Sherry Martinez,johndixon@example.org,German,104,Bronze
Bruce Parks,rhendricks@example.net,German,858,Gold
Nicole Garcia,jonespaula@example.org,French,295,Silver
Spencer Johnson,mathew20@example.org,Spanish,956,Silver
Mr. Raymond Murphy,davidrodriguez@example.org,Spanish,190,Silver
Ana Dunlap,ashley87@example.org,French,238,Gold
Melissa Rivera,john49@example.org,English,233,Gold
Sheila Leonard,jordan27@example.com,German,956,Bronze
Kristy Morris,beckrobert@example.org,English,125,Bronze
Ashley Mueller,jacquelinerussell@example.com,English,354,Gold
Natasha Gardner,jsmith@example.net,English,431,Silver
Edward Maldonado,courtney50@example.net,French,580,Bronze
Sheila Smith,hrodriguez@example.org,English,23,Gold
Michael Wade,barbaragarza@example.org,German,751,Bronze
Christina Dennis,ahicks@example.org,German,40,Bronze
Jessica Johnson,benjaminmason@example.net,French,401,Silver
Kyle Hampton,monica38@example.org,Spanish,799,Gold
Cynthia Mendoza,lopezmichaela@example.org,French,666,Gold
James Lawrence,philip66@example.org,French,477,Gold
Aaron Green,rachellozano@example.net,German,279,Gold
Lisa Short,fguzman@example.org,Spanish,566,Bronze
Christopher Cook,joseph62@example.com,English,181,Gold
Jonathan Rogers,diazbeth@example.com,English,151,Gold
Rachel Grant,maureenanderson@example.net,French,905,Bronze
Melissa Brown,perezamy@example.org,English,118,Bronze
Michael Mitchell,davisdale@example.com,French,370,Gold
Thomas Rivas,jeffreygraves@example.com,Spanish,206,Bronze
Paul Jacobson,terrancenguyen@example.com,French,813,Gold
Rhonda Oliver,maryramirez@example.com,English,847,Gold
Lindsay Patterson,wileyhunter@example.org,Spanish,341,Gold
Mark Phillips,jsalazar@example.org,German,12,Gold
Joseph Collins,curtislambert@example.com,German,694,Silver
Todd Reynolds,sharprobert@example.org,Spanish,156,Silver
Phillip Beltran,samantha74@example.net,English,179,Gold
Tracey Smith,jason05@example.org,English,184,Silver
Craig Russell,jkim@example.org,English,931,Silver
Scott Sandoval,barnettpenny@example.net,French,170,Silver
Kendra Pittman,kevin74@example.net,Spanish,958,Silver
Brian Thompson,flowerslarry@example.org,English,887,Gold
April Hunter,ronniemartinez@example.net,German,386,Bronze
Olivia Barry,gambledustin@example.com,English,949,Silver
Mrs. Brandy Miles,hollyjohns@example.net,German,26,Silver
Courtney Perkins,bishoprichard@example.net,Spanish,547,Bronze
Lindsay Ford,sdecker@example.net,Spanish,501,Gold
Omar Martin,shelby07@example.org,French,971,Silver
David Martinez,justin23@example.org,English,649,Silver
Michele Welch,mike66@example.org,Spanish,144,Bronze
Steven Williams,gdavidson@example.com,French,868,Gold
Matthew Craig,david16@example.net,Spanish,617,Bronze
Sandra Bright,deannagonzalez@example.org,French,25,Bronze
Dr. Zachary Swanson PhD,cervantesmichael@example.com,English,642,Silver
Rebecca Rogers,amber60@example.com,German,349,Gold
Adrian West,ramirezkrista@example.org,German,726,Gold
Chad Spencer,qstevenson@example.org,English,253,Gold
Miguel Garza,kimberlydickerson@example.org,Spanish,151,Bronze
William Harper,aherrera@example.org,English,57,Silver
Amanda Jackson,nicole10@example.com,French,102,Bronze
Justin Thompson,shellyruiz@example.net,Spanish,17,Silver
Daniel Martin,jyoung@example.com,French,795,Bronze
Lance Williams,jacksongregory@example.net,French,207,Gold
Lisa Butler,johnsonemily@example.org,English,877,Bronze
Cynthia Cox,emilymckee@example.com,Spanish,451,Silver
Timothy Aguilar,angie12@example.org,Spanish,978,Gold
Wesley Reynolds,christina75@example.org,English,92,Bronze
Jonathan Norris MD,qkhan@example.net,German,888,Silver
Anna Horne,xwilkins@example.org,German,353,Gold
David Nelson,lbranch@example.org,Spanish,314,Silver
Jason Franklin,sortiz@example.net,Spanish,294,Bronze
Jessica Williams,khawkins@example.net,English,725,Bronze
Diana Olsen,gardnertina@example.com,French,968,Gold
Jessica Hart,melanie27@example.org,French,74,Gold
Melissa Sparks,wendyhenderson@example.com,English,924,Gold
Danielle Mathis,ecruz@example.net,German,397,Bronze
Anita Campbell,michele70@example.net,Spanish,344,Gold
Annette Myers DDS,john24@example.org,English,38,Silver
Jacob Flores,brandysmith@example.net,German,356,Silver
Nicholas Mitchell,claire97@example.com,Spanish,463,Silver
Cynthia Murphy,norriswendy@example.net,English,30,Gold
Michelle Burns,fryecaroline@example.com,French,429,Gold
Caroline Cameron,iharris@example.net,Spanish,635,Gold
Steven Williams MD,michaeljackson@example.com,Spanish,564,Silver
Vanessa Gomez,tiffany70@example.net,French,701,Gold
Julie Morris,adrianhughes@example.net,Spanish,918,Gold
Donald Yoder,johnsonmichael@example.com,French,361,Silver
Taylor Burke,austinkelli@example.net,English,338,Silver
Rachel Baker,christopher01@example.org,English,45,Silver
Kelly Clark,julia95@example.net,German,160,Bronze
Anna Martin DVM,natalie44@example.org,French,635,Gold
Darlene Gray,wilkinsonbenjamin@example.org,Spanish,147,Silver
Sara Oconnor,jeremynichols@example.net,English,269,Gold
Dustin Little,lwilliams@example.net,French,762,Bronze
Travis Harding,fwest@example.com,French,366,Gold
Lawrence Carlson,diane31@example.org,English,297,Bronze
Brooke Soto,william58@example.org,English,506,Bronze
Tracy Chung,wmills@example.com,English,431,Silver
Abigail Zimmerman,hillwilliam@example.net,French,64,Bronze
Monica Phelps,rodriguezhoward@example.org,Spanish,805,Silver
Brandon King,abigailjohnson@example.com,English,708,Gold
Emma Davis,vangjill@example.com,English,385,Silver
Joseph Freeman,barrerakevin@example.org,German,126,Silver
Elizabeth Hernandez MD,hpittman@example.com,English,419,Gold
William Calderon,randolphjesse@example.org,French,260,Gold
Amy Richardson,catherinewong@example.org,Spanish,581,Bronze
Joe Lambert,oliviajones@example.net,French,518,Gold
Rhonda Mendoza,stephendiaz@example.org,Spanish,778,Gold
Jonathan Owens,vdavid@example.org,English,291,Silver
Dr. Christopher Ward,cordovaronald@example.com,English,967,Gold
Shelly Lewis,anthonychen@example.com,German,546,Gold
Robert Brown,jeffrey98@example.org,German,665,Gold
Lisa Cooper,ywright@example.com,French,413,Bronze
Lee Curtis,williamsjohn@example.org,German,448,Silver
Laura Thomas,christopherweaver@example.org,English,702,Gold
Jasmine Keith,richardcastro@example.com,German,493,Gold
Justin Hatfield,marshallcolin@example.net,English,777,Gold
David Mcpherson,megan99@example.com,English,188,Gold
Sarah Rodriguez,rebeccalove@example.org,German,279,Silver
Amy Leach,leah46@example.com,German,234,Silver
Jesse Warren,mowen@example.net,French,988,Silver
Anna Price,wcross@example.com,French,189,Gold
Natasha Kramer,mholt@example.org,French,70,Gold
Kyle Townsend,jennifergraham@example.org,English,969,Gold
Kimberly Hunter,ritaadams@example.org,French,338,Silver
Katie Mejia,ubanks@example.net,French,636,Bronze
Cody Reynolds,guerrapaul@example.com,Spanish,244,Gold
Kiara Wagner,johnsontyler@example.com,French,182,Bronze
Lisa Martin,kelly76@example.com,English,447,Bronze
Nicholas Gilbert,paulaspencer@example.com,English,425,Bronze
Mary Petersen,laura08@example.net,German,525,Silver
Laurie Pratt,lambertalyssa@example.org,German,840,Gold
Jennifer Collins,charles56@example.net,German,473,Gold
Alan Barr,mgray@example.com,German,247,Bronze
Eric Thomas,bradleysmith@example.com,French,134,Gold
Melinda Valdez,clarkemichael@example.org,English,131,Gold
Dr. Gary Blake,gloriamartinez@example.net,English,291,Gold
Shawn Williams,brent13@example.net,English,145,Silver
Michael Wright MD,singletonmatthew@example.org,Spanish,17,Bronze
Tammy Smith,cwilliams@example.com,German,633,Gold
Mrs. Michelle Rodriguez,juliethomas@example.net,German,642,Gold
Mrs. Rachael Smith,zwright@example.org,German,160,Bronze
Bryan Sweeney,cristianwilliams@example.com,German,763,Bronze
David Jacobs,rhonda74@example.net,Spanish,224,Bronze
Sarah Johnson,lawrencejames@example.net,English,859,Bronze
Brian Fuller,hubercarly@example.com,German,370,Gold
Andrew Ross,cory15@example.net,Spanish,565,Gold
Alan Wagner,stephenspencer@example.com,Spanish,875,Silver
Angel Smith,dhunt@example.com,German,717,Silver
Anthony Hall,pammendez@example.org,Spanish,779,Silver
Taylor Jordan,chavezerika@example.com,English,857,Bronze
Maria Lee,ogarcia@example.org,German,140,Silver
Michael Johnson,psmith@example.org,Spanish,877,Gold
Jason Davenport,bryancook@example.org,French,538,Silver
Dennis Kennedy,dward@example.com,French,609,Bronze
Rhonda Jackson,glee@example.org,French,150,Silver
Cameron Walter,wrightcarlos@example.org,Spanish,830,Gold
Charles Waller,jack91@example.com,German,316,Gold
Karen Coleman,madisoncook@example.org,Spanish,339,Gold
Sara Booth,stevengibson@example.com,English,822,Bronze
Sierra Pierce,hernandezlisa@example.org,English,684,Gold
Katherine Strong,jamesbrooks@example.org,German,192,Bronze
Roberto Baker,joseph97@example.com,German,295,Gold
Rhonda Taylor,sampsonrichard@example.com,Spanish,735,Gold
Melinda Garcia,robert33@example.net,German,421,Gold
Sue Dennis,andrew80@example.com,Spanish,701,Bronze
Rebecca Lucas,tparker@example.org,French,956,Gold
Kathleen Elliott,melissa45@example.com,English,837,Silver
Zoe Burns,ehenderson@example.net,French,317,Gold
John Jones,skelly@example.net,Spanish,653,Silver
Amber Moreno,jason22@example.org,Spanish,382,Gold
Eric Knox,zbrown@example.org,English,81,Gold
Wayne Reynolds,kennethlevy@example.net,English,765,Bronze
Jeffrey Gutierrez,reyestimothy@example.org,English,241,Bronze
Andrew Riley,hendersonstephen@example.net,Spanish,172,Gold
Denise Taylor,stephanie29@example.com,French,53,Silver
Heather Rodriguez,vanessakelly@example.net,German,946,Bronze
Diane Cline,alexandriaaustin@example.org,French,478,Bronze
Mary Jordan,meghancastillo@example.net,German,510,Silver
Sarah Lopez,craigsullivan@example.org,English,759,Silver
Eric Castro,petersoncarlos@example.com,Spanish,952,Silver
Brandy Gomez,williamsdaniel@example.net,German,168,Silver
Robert Walker,iwilliams@example.net,French,97,Bronze
Steven Bradley,jonathanross@example.com,English,246,Bronze
Donald Ball PhD,debra89@example.org,German,632,Bronze
James Davis,zroberts@example.com,English,74,Silver
Joshua Lin,gregory88@example.com,Spanish,567,Silver
Dr. Matthew Bowers DDS,craig87@example.org,French,661,Gold
Charles Salinas,jennifer90@example.org,German,716,Gold
Sarah Cruz,williamscharles@example.com,German,497,Silver
Mitchell Reyes Jr.,andrea84@example.com,German,76,Bronze
Andrew Richardson,rkent@example.net,French,731,Bronze
Connor Vaughn,derek61@example.net,German,104,Gold
Heather Gibson,kristencraig@example.com,Spanish,184,Bronze
Carolyn Flores,lpowers@example.com,Spanish,161,Bronze
Isaac Mcdonald,james74@example.com,Spanish,367,Gold
George Hicks,regina66@example.com,French,940,Bronze
Katie Knight,reyesjoseph@example.net,German,512,Gold
Tony Martin,ryan87@example.net,German,944,Bronze
Monica Wright,kristen67@example.com,French,65,Gold
Anne Hodge MD,briangordon@example.com,Spanish,617,Gold
Emily Mason,mauricebryant@example.com,German,128,Silver
Leroy Fuller,luismclaughlin@example.net,French,422,Gold
Brenda Carter,nstephens@example.com,French,340,Silver
Lisa Buchanan,ereeves@example.com,English,726,Gold
Kyle Rivera,jessica03@example.org,Spanish,384,Silver
Shannon Best,lloydrandy@example.org,French,599,Gold
Kaylee Brown,campbellandrew@example.org,Spanish,160,Silver
Ashley Vega,vyork@example.com,Spanish,66,Silver
Amanda Holmes,toddklein@example.com,English,158,Silver
Beth Garza,zferrell@example.net,French,74,Bronze
Beth Daugherty,james52@example.com,Spanish,791,Gold
Russell Gonzalez,michellesmith@example.net,Spanish,668,Silver
Lisa Reyes,kelly89@example.com,German,717,Bronze
Brian Martin,kristenmiles@example.org,English,176,Gold
Victoria Sanders,spencerjacqueline@example.net,Spanish,781,Silver
Matthew Duffy,martinphilip@example.org,French,240,Bronze
Amy Smith,williamskathleen@example.net,German,797,Gold
Nathaniel Greer,watkinstimothy@example.com,Spanish,971,Gold
Brandi Taylor,karen46@example.com,French,630,Gold
Benjamin Marshall,billymiller@example.com,German,111,Gold
Jacob Waller,miaramirez@example.org,French,802,Gold
Sharon Morrow,lwood@example.net,French,832,Silver
Emily Cohen,cheyenne95@example.org,French,113,Bronze
Angela Kennedy,benjamingomez@example.org,Spanish,415,Bronze
Melissa Hayes,katie30@example.net,Spanish,506,Bronze
Luis Snow,calvinhurley@example.org,French,101,Bronze
Christopher Thompson,ybarber@example.net,English,937,Silver
Elijah Smith,todd03@example.com,English,422,Gold
Bethany Walker,geoffrey18@example.net,German,66,Gold
Lisa Spencer,gregoryochoa@example.net,German,360,Gold
Brenda Lewis,jmurphy@example.net,English,65,Bronze
Kristen Hoffman,brandonbennett@example.net,German,474,Bronze
Kristen Richards,melaniemueller@example.net,Spanish,242,Silver
Lisa Coleman,bhenry@example.org,German,651,Gold
Christopher Kim,stephaniebass@example.com,Spanish,67,Silver
Jonathan Kennedy,brian18@example.net,Spanish,214,Silver
Thomas Patterson,cobbbryan@example.net,Spanish,874,Silver
Robert Nguyen,danielmarshall@example.net,French,453,Bronze
Kimberly Cain,christopherthompson@example.com,German,583,Gold
John Goodwin,hillalexander@example.org,French,305,Gold
Amanda Murray,sydneyroberts@example.net,English,804,Gold
Cindy Barnett,jeffrey50@example.com,Spanish,25,Gold
James Sweeney,sweeneydennis@example.net,French,6,Silver
William Martin,brendanbrock@example.org,English,856,Gold
Anita Davis,jacob37@example.net,Spanish,38,Silver
Joyce Burton,jasmine78@example.org,French,279,Gold
Heather Evans,xramirez@example.net,German,275,Gold
Bethany Whitaker,thall@example.net,German,705,Gold
Alexander Stewart,omarward@example.org,English,899,Silver
Robert Wilson,lisakeith@example.com,Spanish,568,Bronze
Sheila Pierce,zacharybecker@example.net,Spanish,878,Gold
Mark Baker,rickythompson@example.org,English,717,Bronze
Paige Moore,wsimpson@example.org,French,629,Bronze
Tom Avila,kaufmankeith@example.org,English,688,Bronze
Jason Wilson,shelleyestrada@example.org,Spanish,444,Silver
Gabriel Shannon,wcrawford@example.com,French,944,Gold
Andrew Morris,kelly91@example.com,English,165,Gold
Sydney Gardner,ibarber@example.org,English,507,Silver
Sarah Smith,farmerrobert@example.org,Spanish,136,Gold
Scott Shaffer,tylergonzalez@example.com,French,466,Bronze
Daniel Newton,trujillodavid@example.org,English,726,Gold
Tyler Combs,dalejones@example.net,German,717,Silver
Matthew Roberts,fvelasquez@example.net,German,973,Bronze
Anthony Roth,rwilliams@example.org,English,405,Bronze
Jennifer Myers,comptonjonathan@example.com,German,968,Silver
Chad Stevenson,vazquezmike@example.net,Spanish,509,Bronze
Tammy Peters,zcarr@example.com,French,923,Gold
Ryan Clark,paulawang@example.org,English,779,Gold
Renee Jones,vincent41@example.com,French,644,Silver
Douglas White,nsmith@example.com,Spanish,220,Gold
Patricia Carey,savagealexandra@example.org,English,573,Bronze
Brittany Meza,johnstephens@example.net,German,945,Gold
Cody Page,tranrobin@example.org,German,74,Bronze
Elizabeth Spencer,vincent23@example.org,English,993,Bronze
Aaron Perez,drobertson@example.com,Spanish,588,Silver
Miguel Wilson,alvaradojames@example.net,English,9,Silver
Amy Baker,kingerik@example.net,German,347,Silver
Brandi Austin,andrew03@example.com,French,174,Silver
Daniel Gonzalez,greenjoshua@example.com,Spanish,211,Silver
Janice Macias,michelle64@example.org,German,970,Gold
David Foster,josephward@example.org,Spanish,924,Silver
Dr. Timothy Jackson,lneal@example.net,French,661,Bronze
Allison Walker,raymond66@example.net,English,588,Bronze
Shannon Martinez,nwebb@example.org,English,116,Silver
Matthew Moss,charlesboyer@example.org,French,777,Silver
Omar Clark,emily18@example.com,German,374,Silver
Christine Wyatt,diazaudrey@example.com,English,843,Bronze
Monique Martinez,tammyreynolds@example.net,Spanish,589,Gold
David Ward,michelle66@example.org,French,19,Gold
Robert Mendez,kingsusan@example.net,English,6,Bronze
James Gibson,hernandezreginald@example.org,Spanish,837,Bronze
Michael Gilmore,hdodson@example.net,Spanish,483,Silver
Mark Simmons,jill84@example.org,German,251,Gold
Haley Robinson,lisaanderson@example.org,German,735,Silver
Michael Wells MD,ruizdavid@example.com,German,374,Gold
Dennis Nicholson,smithcrystal@example.com,English,458,Bronze
Tony Thomas,stephenprice@example.net,German,694,Bronze
Terry Powell,kimberlythompson@example.com,French,587,Gold
Benjamin Brooks,gbowers@example.com,English,652,Bronze
George Smith,brownalexander@example.net,English,172,Bronze
Dr. Breanna Clark,christopherbuck@example.com,German,367,Bronze
Christopher Smith,melissaphillips@example.org,English,318,Bronze
Darren Taylor,elijah62@example.com,French,342,Silver
Tanya Harris,ellen19@example.net,German,135,Gold
Todd Hall,tparks@example.org,German,679,Bronze
Gregory Lee,wellsmichael@example.org,English,694,Silver
Nicole Duffy,iburns@example.net,Spanish,483,Silver
Brian Hernandez,melissayoung@example.org,English,999,Bronze
Lisa Cole,iporter@example.com,German,221,Gold
Kelly Pena,marshbruce@example.net,German,876,Silver
Mario Martin,carterstephanie@example.com,German,150,Gold
Jason Vargas,brianwilson@example.net,Spanish,605,Gold
Jason Khan,zwelch@example.com,Spanish,563,Silver
Hannah Harding,sandersmary@example.net,Spanish,913,Silver
Jessica Malone,osnyder@example.net,Spanish,313,Silver
Kevin Lee,miranda79@example.net,German,908,Bronze
Brittany Buchanan,ambergonzalez@example.net,German,791,Gold
Patricia Drake,linrandy@example.com,Spanish,934,Gold
Julian Lee,cynthia94@example.net,French,593,Gold
Alexandria Hansen,sarasanchez@example.com,French,768,Silver
Bradley Long,kathryn86@example.com,German,761,Bronze
Angela Rubio,michael96@example.org,German,30,Bronze
Amber Ochoa,douglaskennedy@example.net,French,4,Bronze
Tyler Carney,emoore@example.org,French,158,Gold
Joseph Stevens,stoneharold@example.org,Spanish,590,Silver
Catherine Robinson,blin@example.com,English,582,Silver
Nichole Torres,ashleychandler@example.net,Spanish,914,Bronze
Christopher Jackson,terickson@example.com,English,758,Silver
Donna Campbell,slambert@example.net,French,701,Gold
Lori Hale,taylorcook@example.org,English,835,Gold
Daniel Gibson,xmendez@example.com,German,328,Silver
Shawn Mccall DVM,andrea64@example.org,Spanish,777,Bronze
Natalie Castillo,xfields@example.net,French,269,Gold
Tyler Jones,edwardjacobs@example.com,Spanish,490,Gold
Justin Oliver,robert97@example.net,Spanish,539,Gold
Ian Gomez,james45@example.net,English,865,Silver
April Mason,jamesgray@example.net,Spanish,81,Silver
Johnny Johnson,fischeraaron@example.com,French,910,Bronze
George Johnson,arobinson@example.org,English,194,Silver
Ashley Reeves,hansonscott@example.org,Spanish,776,Gold
Joshua Davis Jr.,jamieryan@example.org,French,899,Silver
William Fernandez,jhiggins@example.com,Spanish,28,Gold
Martha Reilly,alexis94@example.net,English,431,Bronze
Jessica Torres,bradley46@example.net,English,951,Bronze
Jason Stevenson,jennifer74@example.net,English,477,Silver
Gary Willis,matthewmora@example.net,French,793,Bronze
Shawn Taylor,ricky57@example.net,English,628,Bronze
Courtney Foster,daniel39@example.org,English,414,Gold
Karina Williams,aboyd@example.org,English,772,Gold
George Kim,charris@example.org,English,580,Gold
Andrew Robertson,turnerjoseph@example.com,German,441,Bronze
Brandon Lopez,alexis07@example.org,German,478,Bronze
Eric Howell,seanlambert@example.org,French,918,Silver
Jeremy Johnson,kristen48@example.org,English,867,Bronze
Lisa Hansen,garciakayla@example.com,English,542,Gold
Amanda Johnson,bakermichael@example.net,German,178,Gold
Karen Goodman,vbailey@example.com,English,930,Gold
Tyler Glover,bprice@example.net,Spanish,888,Gold
Shawn Singh,nhernandez@example.org,German,292,Gold
Timothy Jackson,scott46@example.net,Spanish,950,Bronze
Tiffany Ward,masonanderson@example.org,English,736,Silver
Rebecca Quinn,bhughes@example.org,Spanish,785,Gold
Stacey Jackson,buchananaaron@example.org,German,637,Gold
Karla Frey,clarkchristopher@example.net,French,659,Silver
Andrea Davis,andersonpatricia@example.net,Spanish,789,Gold
Robert White,lisasmith@example.org,English,13,Silver
William Craig,annsutton@example.org,German,393,Gold
Kelsey Parker,donna90@example.net,German,716,Silver
Teresa Mitchell,stephanieramirez@example.com,English,753,Silver
Juan Hicks,logan53@example.net,English,282,Bronze
Kevin Lang,aparker@example.com,Spanish,216,Silver
Hector Anderson,ebauer@example.org,French,172,Gold
Ashley Garcia,charlesyoung@example.com,German,72,Gold
Amy Ellison,jacksonmatthew@example.net,English,1000,Silver
Matthew Moses,ymassey@example.net,English,497,Silver
Laura Johnson,michaelperry@example.com,German,195,Gold
David Morrow,englishwilliam@example.com,English,382,Bronze
Amanda Jefferson,nsanchez@example.net,French,980,Bronze
Brandi Cook,james93@example.com,French,158,Gold
Cynthia Hernandez,olivia37@example.com,German,638,Gold
Gary Macdonald,tjohnson@example.com,French,516,Bronze
Amanda Hall,khuff@example.org,German,549,Silver
James Peterson,gchapman@example.org,German,69,Silver
Michael Reed,franklinbrenda@example.org,French,526,Bronze
James Holloway,adambest@example.com,German,758,Silver
Mr. William Taylor PhD,jonesangela@example.com,French,674,Gold
Nicole Miller,thompsonisaac@example.net,French,278,Silver
Alyssa Taylor,pearsondaniel@example.com,French,937,Silver
Frank Sawyer,jennifer66@example.net,French,483,Bronze
Alexandra Carter,cherylgray@example.com,Spanish,470,Bronze
Karen Robertson,carteramy@example.net,Spanish,37,Bronze
Samuel Davies,jessica58@example.org,Spanish,612,Gold
Alexander Simpson,jbush@example.net,Spanish,549,Bronze
Heather Powell,ashley90@example.net,Spanish,260,Silver
Victor Whitaker,meaganaguirre@example.com,German,109,Silver
Rachel Walters,davidgomez@example.com,German,314,Silver
Mark Sanchez,michele17@example.org,English,120,Gold
Tony Allen,flowery@example.org,Spanish,449,Gold
Megan Weaver,robertthomas@example.org,English,308,Gold
Natalie Rhodes,amber03@example.com,Spanish,301,Silver
Megan Marks,russellgregory@example.net,English,995,Gold
Arthur Berg,cowankenneth@example.com,French,812,Silver
Joe Austin,hillgeorge@example.com,Spanish,584,Bronze
Miss Heidi Dixon,lori23@example.net,German,680,Bronze
Scott Huang,sarahschneider@example.net,English,974,Gold
Christy Johnson,vboyle@example.com,German,691,Gold
Richard Hughes,juan90@example.org,English,18,Gold
Elizabeth Reed,scotttanya@example.org,English,894,Silver
Scott Thompson,farrelljennifer@example.net,English,812,Bronze
Eric Frost,armstrongbrittany@example.org,Spanish,401,Silver
Anne Nguyen,chadarcher@example.com,German,30,Bronze
Mr. John Myers,douglas15@example.org,English,451,Bronze
Cynthia Hicks,danielbarnes@example.org,English,881,Silver
Autumn Shah,jessicajackson@example.net,French,208,Gold
Jennifer Garcia,jacqueline30@example.net,Spanish,328,Silver
Zachary Allen,browntiffany@example.com,English,340,Bronze
Matthew Steele,craig80@example.net,German,829,Gold
Carrie Stokes,stacysullivan@example.com,Spanish,583,Silver
Daniel Myers,whitejessica@example.com,English,109,Bronze
Timothy Graves,rwright@example.org,German,533,Gold
David Hale,operez@example.net,German,582,Bronze
Roger Grimes,morenojennifer@example.net,French,815,Gold
Susan Bryan,ngarcia@example.com,German,531,Silver
Mary Murphy,yduncan@example.org,French,581,Bronze
Erica Bell,sandovalkatherine@example.org,French,324,Silver
Robin Villa,wilsonmichael@example.com,English,921,Silver
Kimberly Tran,murphymelissa@example.com,Spanish,774,Gold
Carlos Strong,wesley95@example.com,German,844,Gold
Erica Hernandez,amoran@example.org,Spanish,542,Silver
Tracy Marquez,shelley74@example.com,German,90,Silver
Cynthia Ochoa,matthewvasquez@example.net,French,479,Silver
Christopher Vance,natashacollins@example.net,English,483,Bronze
Michelle French,rpotts@example.com,English,415,Bronze
Stephanie West,hobrien@example.net,Spanish,156,Bronze
Sarah Macdonald,murrayshannon@example.com,English,413,Gold
Martha Parsons,raymond87@example.net,German,280,Silver
Anna Jones,chris89@example.net,German,142,Gold
Sean Greene,zachary57@example.org,English,989,Bronze
Tim Esparza,lucasleonard@example.net,French,738,Gold
Jared Burton PhD,jacobclark@example.org,English,76,Silver
Ashley Smith,gandersen@example.com,French,107,Gold
Megan Williams,greenjennifer@example.net,German,957,Silver
Bryan Moss,csmith@example.org,German,730,Silver
Jennifer Griffin,jessicawright@example.com,English,885,Silver
Mark Taylor,cesardelgado@example.net,Spanish,767,Silver
David Perez,brandonhunt@example.org,Spanish,686,Silver
Paula Fisher,qmiller@example.org,French,397,Gold
Paula Williams,kellysmith@example.net,French,938,Gold
Sara Hall,oduran@example.org,English,142,Silver
Marc Gonzalez,james44@example.org,Spanish,439,Gold
Meagan Wilkinson,pricerebecca@example.net,German,452,Gold
Grace Cardenas,cathy76@example.com,English,60,Gold
Frederick Estrada Jr.,lcontreras@example.org,English,313,Silver
Karen Conrad,markbeck@example.net,Spanish,543,Silver
Kenneth Foster,ufranklin@example.net,German,137,Bronze
Devin Johnson,ymccarty@example.net,English,771,Bronze
Laura Perez,stephensrichard@example.net,German,308,Bronze
Danny Lee,aaron08@example.com,German,661,Gold
Sandra Rodgers,mistygalvan@example.net,German,587,Silver
Cesar Young,courtney49@example.org,English,239,Silver
Jaclyn Gomez,jeffreygraham@example.org,English,261,Silver
Elizabeth Oliver,tsingh@example.net,German,905,Silver
Cody Pineda,mary43@example.com,Spanish,728,Bronze
Adam Horton,earl91@example.org,Spanish,842,Silver
Paul Lewis,kiaramurphy@example.net,French,340,Bronze
Justin Riddle,flemingjeffrey@example.org,Spanish,527,Silver
Linda Wright,pennymeyer@example.org,English,722,Silver
Melissa Brown,usexton@example.com,English,739,Gold
Meredith Lyons,nboyd@example.net,German,287,Gold
Veronica Cruz,qsmith@example.com,English,214,Silver
Don Miller,bryan51@example.net,Spanish,400,Bronze
Mrs. Rachel Wood DDS,knewton@example.org,German,180,Silver
Kimberly Smith,debraharris@example.org,German,644,Gold
Anthony Martin,xoconnell@example.org,English,829,Silver
Tina Castillo,uwilcox@example.net,German,306,Silver
Parker Jackson,briannelson@example.com,German,390,Silver
Jeffrey Cabrera,luis30@example.org,English,166,Gold
Brianna Green,derek79@example.com,French,249,Gold
Leonard Marshall,john42@example.net,Spanish,57,Bronze
Danny Johnson,kelly04@example.org,English,886,Silver
Johnathan Hensley,woodsluis@example.net,French,190,Gold
Steven Odonnell,blevinsalexander@example.net,Spanish,200,Silver
Tiffany Garcia,nguyenrobert@example.com,French,765,Gold
Andrea Jones,taylorking@example.org,English,863,Silver
William Odonnell,christianlopez@example.org,Spanish,889,Silver
Terry King,ygay@example.org,Spanish,313,Silver
Dustin Brown,diana68@example.org,German,86,Silver
Laura Huerta,vross@example.com,Spanish,416,Silver
Kristin Donovan,stevenjones@example.org,Spanish,866,Gold
Laurie Smith,craig97@example.com,English,874,Silver
Sandy Daniels,steelephilip@example.net,English,83,Gold
Jessica Wilson,martinezheather@example.org,French,244,Bronze
Tyler Sanchez,kylebell@example.com,English,663,Bronze
Emily Gallegos,jefferymartin@example.net,Spanish,672,Gold
Jill Young,adamshaffer@example.net,French,665,Bronze
Elizabeth Frost,brianfox@example.org,Spanish,358,Silver
Michelle Taylor,toni55@example.org,German,861,Bronze
Manuel Jarvis,whitakershane@example.org,Spanish,972,Gold
Erica Campbell,sruiz@example.com,German,252,Bronze
Matthew Lewis,anthony49@example.com,German,839,Gold
Tom Davis,stephanie72@example.net,English,262,Silver
Vanessa Melendez,rodriguezalexandra@example.com,French,524,Bronze
Alexandra Campbell,joycerobert@example.org,German,246,Silver
Kimberly Wright,tberg@example.org,Spanish,947,Bronze
Dan Henry,bparker@example.org,French,85,Silver
Evelyn Alvarez,kennethalexander@example.net,English,568,Gold
Jade Frost,fuentestaylor@example.org,English,785,Gold
Laura Moore,amy74@example.com,German,633,Silver
Micheal Washington,donaldobrien@example.com,Spanish,855,Bronze
Mary Jackson,karlaluna@example.org,English,719,Gold
Amanda Olsen,jamescampos@example.com,German,581,Silver
Heather Morgan,kimrandy@example.org,German,392,Gold
Jason Matthews,vmunoz@example.com,French,356,Silver
Matthew Hill,brianmoore@example.com,French,503,Gold
Gregory Perry,mary45@example.net,Spanish,928,Bronze
Timothy Garrison,marcusyates@example.com,French,111,Gold
James Green,mitchell57@example.org,German,363,Bronze
Monica Norton,wilsonbrett@example.net,French,386,Bronze
Mary Hamilton,odonnellbrett@example.org,English,400,Bronze
Erica Tran,maria00@example.com,German,319,Gold
Timothy Green,pstephens@example.org,Spanish,234,Bronze
James Kent,riverarachel@example.net,French,805,Silver
Jacob Ellis,kimberly25@example.com,German,259,Silver
Sabrina Turner,oross@example.org,French,970,Bronze
Daniel Garcia,michael30@example.net,German,380,Bronze
Nicole Nguyen,mcintoshemily@example.org,German,51,Bronze
Mr. John Vega PhD,matthewknight@example.com,German,19,Silver
Erica Miller,jessicakennedy@example.org,German,808,Gold
Phillip Pierce,adamskatie@example.com,German,892,Gold
Juan Miller,timothymorris@example.org,English,401,Silver
John Cruz,rickytaylor@example.org,German,102,Bronze
Jennifer Garcia,aharrison@example.org,German,640,Gold
Mark Martin,parsonslinda@example.org,English,172,Silver
Justin Garcia,ypotter@example.net,German,429,Gold
Sandra Roberts,wardjulia@example.org,French,945,Silver
Kyle Haynes,cynthia43@example.net,French,895,Silver
Brianna Bird,clopez@example.com,German,291,Bronze
Carl Fuller,rosalesmary@example.net,German,981,Silver
Tina Clark,wanda14@example.net,German,908,Silver
Darrell Bush,gphillips@example.net,Spanish,803,Silver
Christopher Ayala,valeriewalton@example.com,German,246,Gold
Nancy Henry,gfisher@example.net,Spanish,40,Gold
Rebekah Riddle,danielmiddleton@example.org,English,289,Gold
Nicole Ramirez,albert31@example.com,Spanish,279,Gold
Michael Spence,tylerspencer@example.com,French,857,Bronze
Amanda Robertson,linda82@example.com,English,70,Silver
John Chambers,gail80@example.org,French,11,Bronze
David Lee,qsmith@example.org,English,689,Silver
Robert Martin,keithschaefer@example.net,English,784,Silver
Brandi Vasquez,browncharles@example.org,English,378,Bronze
Amanda Campbell,lgutierrez@example.net,Spanish,667,Gold
Lauren Mercer,andersonbrian@example.com,Spanish,431,Gold
Eileen Jones,cheyenne56@example.org,French,831,Bronze
Veronica Flores,njames@example.com,German,504,Gold
Claire Huang,pierceann@example.com,German,916,Bronze
Matthew English,danielcamacho@example.net,French,779,Gold
James Lopez,lherrera@example.org,German,721,Bronze
Robert Bennett,ucarson@example.org,French,921,Silver
Tiffany Baldwin,alan21@example.org,English,647,Bronze
Heather Gutierrez,kari11@example.com,Spanish,844,Gold
Paul Lucas,hdavis@example.org,German,259,Gold
Charles Duran,thicks@example.com,Spanish,609,Silver
Stephen Moreno,katherine50@example.net,French,636,Gold
Cameron Tyler,pmartinez@example.net,Spanish,792,Silver
James Hall,matthewpratt@example.net,German,620,Silver
Roger Cobb DDS,laura07@example.net,French,73,Bronze
Alan Jones,christopher60@example.net,Spanish,278,Silver
Linda Nixon,catherine86@example.net,German,235,Gold
Cynthia Williams,christopherayala@example.com,English,256,Gold
Felicia Colon,lingregory@example.com,French,900,Bronze
Kathryn Santiago,benjaminspears@example.org,French,108,Gold
Jeanne Butler,paul86@example.org,English,227,Gold
Carl Hartman,deckershaun@example.com,Spanish,864,Gold
Sherry Smith,david13@example.org,German,50,Gold
Lynn Miller,nathan41@example.net,Spanish,900,Silver
Brittney Mitchell,juliehill@example.net,French,968,Silver
David Mooney,carla09@example.org,French,731,Gold
Lisa Marquez,james15@example.org,French,857,Bronze
Kim Savage,lanechristopher@example.net,German,613,Silver
Michelle Howell,ygonzales@example.net,Spanish,426,Bronze
Nancy Garcia,parkertheresa@example.com,Spanish,790,Silver
William Peters,hendricksjessica@example.net,Spanish,261,Gold
Maria Barnes,laurenosborn@example.org,Spanish,662,Gold
Karen Nunez,zmartinez@example.net,Spanish,929,Gold
Sarah Atkins,brownmark@example.org,Spanish,650,Silver
Ruth Howe,eprice@example.org,French,690,Silver
Elizabeth Li,johnnyhoffman@example.org,German,463,Silver
Kelli Campbell,brittanycruz@example.org,French,773,Silver
James Williams,lroth@example.com,English,555,Gold
Francisco Church,melissa87@example.org,German,200,Bronze
Joseph Weaver,christopherwilliams@example.net,Spanish,962,Gold
Christina Shaw,samanthasaunders@example.org,French,821,Bronze
Brian Norton,ehernandez@example.com,French,752,Silver
Ana Ryan,vcrawford@example.net,Spanish,653,Gold
Kristina Robinson,richardchen@example.org,English,101,Gold
Tony Mueller MD,wsmith@example.net,English,241,Bronze
Tanya Ramirez,cfisher@example.net,French,809,Gold
Adam Black,riceveronica@example.org,Spanish,390,Silver
Rhonda French,savagekevin@example.com,German,344,Bronze
Samantha Washington,davidjohnson@example.com,English,181,Silver
Erik Drake PhD,paullarry@example.org,English,787,Bronze
Danielle Hanson,sarah63@example.com,English,836,Gold
Seth Davidson,dunntaylor@example.com,French,374,Gold
Grace Wilson,david18@example.com,English,102,Bronze
Candace Hernandez,ecline@example.net,English,484,Silver
Calvin Henry,mritter@example.org,English,514,Gold
James Ray,xmckinney@example.org,French,581,Bronze
Christopher Chapman,brandon53@example.net,Spanish,351,Bronze
Daniel Mendoza,ellenyoung@example.org,German,88,Bronze
Scott Taylor,kevin34@example.net,French,105,Gold
Tammie Anderson,jonesbryan@example.com,Spanish,979,Bronze
Joseph Allen,qfowler@example.org,English,786,Gold
Renee Mckee,wdavis@example.net,Spanish,449,Bronze
Emily Clark,rsanchez@example.com,German,342,Gold
Jonathan Alvarez,thomasjames@example.net,French,198,Gold
Allen Boyd,sean28@example.org,English,173,Bronze
David Lyons,garciajohn@example.com,German,116,Silver
Cynthia Lawson,vincent96@example.net,German,904,Gold
Michelle Smith,kellystewart@example.net,Spanish,578,Gold
William Gomez,nwilliams@example.org,Spanish,374,Bronze
Martin Hernandez,erik27@example.net,French,540,Gold
Cindy Walton,jenniferrivera@example.net,English,132,Silver
Justin Perkins,jennifer33@example.net,English,267,Bronze
Jonathan Collins,shellychen@example.net,French,793,Silver
Gabrielle Rojas,jenningsmolly@example.com,Spanish,323,Silver
Donna Vasquez,suzannejohnson@example.com,Spanish,571,Bronze
Breanna Jackson,millermichael@example.net,Spanish,501,Silver
Kelly Shelton,jacobolson@example.com,Spanish,396,Gold
Jeremy Marquez,margaret41@example.net,Spanish,62,Gold
Molly Lambert,rebeccahansen@example.com,Spanish,97,Silver
Traci Cook,kathryn64@example.com,Spanish,967,Silver
Tammy Atkins,omurphy@example.org,English,881,Silver
Nicole Morrison,weaverelizabeth@example.net,German,292,Bronze
Debra Hill,grodriguez@example.org,Spanish,951,Silver
Kent Alvarado,laurenstewart@example.net,German,554,Bronze
Adam Smith,csutton@example.net,German,547,Gold
Elizabeth Hudson,crystal13@example.org,Spanish,435,Silver
Christopher Nelson,kenneth76@example.org,Spanish,962,Gold
Andrew Manning,veronicahall@example.net,German,921,Bronze
Stephanie Reynolds,masonrojas@example.com,Spanish,831,Bronze
Brandon Swanson,jonathanparker@example.org,Spanish,921,Bronze
Angel White,westcharles@example.org,German,3,Gold
Brian Hines,suzannebailey@example.com,English,154,Silver
Steven Fernandez,kathrynlong@example.net,German,31,Silver
Danny Weber,angela23@example.org,French,856,Gold
Dean Martinez,meyerjoseph@example.org,German,830,Silver
William Potter,sandersbrett@example.net,Spanish,869,Silver
Sylvia Adams,pbrewer@example.com,English,0,Bronze
Adrian Stevens,josemyers@example.org,English,988,Gold
Kristy Bray,qparker@example.net,English,999,Gold
Robert Hobbs,sean03@example.org,Spanish,453,Gold
Nicholas Cruz,vgarza@example.com,English,176,Gold
Timothy Frazier,mkirby@example.net,English,736,Gold
April Lane,yponce@example.com,French,566,Silver
Robert Miller,jeffrey19@example.com,English,444,Silver
Lisa Christensen,evanskyle@example.org,French,406,Bronze
Sara Carter,laurie02@example.net,French,720,Gold
Jasmine Ramirez,kennedyjonathan@example.net,Spanish,852,Silver
Erika Lee,irocha@example.com,Spanish,452,Gold
William Taylor,brianwong@example.com,German,255,Gold
Robert Harris,jonescraig@example.net,German,476,Gold
Kari Cooper,hjarvis@example.com,Spanish,500,Bronze
Sonya Moore,tammymurphy@example.org,French,236,Bronze
Erik Morrow,sjordan@example.org,German,306,Gold
Andre Miller,benjaminmcclain@example.com,French,226,Silver
Brandy Cervantes,jhall@example.com,French,135,Silver
Michael Murray,garciajamie@example.com,English,871,Gold
John Taylor,austin24@example.net,Spanish,817,Bronze
Elizabeth Phillips,wrightcarol@example.com,French,887,Gold
Allen Long,nicole79@example.org,English,147,Bronze
Jonathan Ochoa,padillacharles@example.com,German,126,Gold
Melanie Smith,james42@example.org,Spanish,683,Gold
Marisa Ward,sanderssue@example.net,English,290,Bronze
Jessica Wilson,scottblake@example.net,German,581,Bronze
Mario Perkins,drew11@example.com,French,272,Silver
Heather Whitaker,penningtonmichele@example.com,French,208,Bronze
Brian Adams,terrencecombs@example.org,German,995,Silver
Jennifer Byrd,ncopeland@example.net,French,496,Gold
Sara Kelly,jasminehaynes@example.net,French,6,Gold
Brian Jones,kelly52@example.net,Spanish,920,Bronze
Kimberly White DDS,lisagray@example.com,English,784,Gold
Debra Roach,hatkins@example.org,German,904,Bronze
Peter Green,alejandro47@example.net,German,417,Silver
Chad Lopez,jessicamiller@example.com,French,395,Gold
Paige Turner,angelicamason@example.net,French,287,Gold
Thomas Payne,codyclements@example.net,English,8,Bronze
Rebecca Brown,osbornlindsey@example.com,French,367,Gold
Sandra Silva,mathewsjohn@example.net,German,505,Gold
Joseph Brown,nicolemitchell@example.org,German,127,Bronze
Jonathan Anderson,aburch@example.org,English,665,Silver
Sydney Wilson,pamelahowell@example.com,English,604,Gold
Brian Arnold,amyjimenez@example.com,Spanish,970,Bronze
David Rodriguez,nadams@example.net,English,568,Silver
Christina Woods,margaret47@example.org,German,84,Gold
Ellen Harris MD,nflores@example.net,Spanish,434,Silver
Mr. James Andrews,courtney48@example.net,French,60,Gold
Eric Cruz,jamieallen@example.net,French,443,Gold
Zachary Howard,daniel89@example.org,Spanish,295,Bronze
Mary Richards,keithmitchell@example.net,German,209,Silver
Amanda Holloway,parkertaylor@example.net,English,275,Bronze
Laura Kramer,vanessa84@example.com,French,38,Gold
Terry Rodriguez,bkim@example.net,English,757,Bronze
Susan Freeman,angelicamarshall@example.org,English,793,Silver
Angelica Wade,petersentimothy@example.net,English,269,Silver
Mariah Anderson,kenneth21@example.com,English,100,Silver
Willie Kennedy,emilygilbert@example.org,French,766,Bronze
Ronald Stone,qgreen@example.org,French,104,Bronze
Patrick Wells,reynoldsrebecca@example.com,French,121,Bronze
Jennifer Williams,johnsonalejandro@example.org,Spanish,139,Gold
Taylor Walker,dayveronica@example.net,German,222,Silver
Kenneth Martinez,bryanjill@example.com,Spanish,425,Silver
Samuel Brown,christina82@example.net,English,781,Gold
Travis Hurst,william46@example.net,Spanish,780,Gold
Sarah Cooley,vwhite@example.net,Spanish,927,Bronze
Jacqueline Kennedy,luke59@example.org,English,298,Silver
Cody Diaz,nicholasbarajas@example.org,German,276,Gold
Brandon Anderson,jeffreymiranda@example.net,English,123,Silver
Erika Gates,sandraalexander@example.org,German,777,Bronze
Jessica Thompson,emily28@example.com,French,139,Bronze
Richard Ewing,esantos@example.org,Spanish,815,Gold
Martha Powers,nrichards@example.org,French,280,Gold
Christine Allen,pharris@example.org,English,700,Gold
Patrick Watson,michelleknight@example.com,English,730,Bronze
Alexandra Allen,lisa33@example.net,Spanish,188,Gold
Jaime Merritt,morrislarry@example.com,Spanish,724,Bronze
Maria Holland,kedwards@example.net,French,649,Gold
Joshua Ball,patrick09@example.com,Spanish,688,Bronze
Karen Hall,knighttheresa@example.org,French,454,Bronze
Tyler Mitchell,fernando74@example.net,German,205,Bronze
Mr. John Andrews,lloydandrew@example.org,English,150,Gold
Heather Fleming,acostaroberto@example.com,German,127,Bronze
Judy Fields,sue25@example.net,Spanish,672,Bronze
Robin Fuller,tlewis@example.net,English,979,Bronze
Jeanette Soto,dean60@example.net,French,962,Gold
Hannah Young,cruzroger@example.net,English,372,Gold
Jillian Allen,kwilliams@example.net,French,786,Silver
Emily Tanner,steve14@example.com,German,622,Bronze
Nicholas Hill,beth83@example.com,German,257,Gold
John Wilson,michellepadilla@example.com,English,566,Gold
Robert Howard,lortiz@example.net,Spanish,0,Bronze
Theresa Williams,erin40@example.com,French,746,Gold
Gregory Morgan DVM,kevin45@example.net,French,341,Silver
Heidi Zuniga,meghancollins@example.net,English,966,Silver
Kimberly Morgan,petersonjennifer@example.com,Spanish,357,Silver
Joshua Ortega,jeffrey67@example.com,Spanish,270,Silver
Jason Braun,zcook@example.com,French,730,Bronze
Nicholas Choi,cindygonzalez@example.com,French,158,Silver
Yolanda Reeves,davidsonwilliam@example.org,German,459,Silver
Joshua Howard,grobinson@example.org,Spanish,759,Bronze
Madison Cox,levirogers@example.net,German,684,Silver
Pamela Zavala,jacobnguyen@example.net,German,977,Bronze
Allen Diaz,karenfox@example.com,Spanish,512,Gold
Amber Carr,norman95@example.com,German,827,Gold
Elizabeth Murphy,jamesherman@example.com,Spanish,250,Silver
Jennifer Collins,dustin45@example.org,German,898,Gold
Amanda Rogers,contrerasjudith@example.org,English,41,Bronze
Stephanie Morales,charlene41@example.org,French,101,Bronze
Kristopher Rose,laura66@example.net,Spanish,995,Gold
Tracy Morrison,kathleencox@example.com,French,825,Bronze
Lisa Chavez,kaylajohnson@example.org,French,702,Gold
Sarah Sanders,ytaylor@example.net,English,161,Gold
Kevin Brown,priscilla39@example.org,English,993,Bronze
Katie Lee,jeremy03@example.com,Spanish,380,Gold
Paul Daniels,xdennis@example.com,French,372,Silver
Lisa Rangel,jeffrey54@example.org,Spanish,366,Gold
Danielle Gallagher,lmueller@example.net,English,183,Silver
Samantha Davis,trujillokenneth@example.com,English,953,Gold
Diane Smith,fsteele@example.com,English,926,Silver
Charles Jackson,johnsoncody@example.net,French,309,Gold
Joshua Mckinney,orivers@example.com,French,607,Silver
Nicole Herrera,matthewmaldonado@example.com,Spanish,546,Bronze
Anthony Hunter,zprice@example.org,German,248,Silver
Jose Marsh,arichardson@example.org,French,553,Bronze
Michael Clements,vwarren@example.org,Spanish,390,Silver
Ryan Rivera,williamparker@example.org,French,810,Gold
Miss Susan Wolfe,kimberly50@example.com,English,983,Silver
Gabriella King,ywest@example.net,French,835,Gold
Grant Martin DVM,jmcconnell@example.com,French,131,Bronze
Maria Morgan,moodygina@example.org,French,471,Bronze
Ashley White,josephmontoya@example.com,German,767,Silver
Janice Moore,darrell49@example.com,French,123,Bronze
Madison Proctor,jamesalyssa@example.org,Spanish,519,Gold
Donna Montgomery,sglover@example.com,German,908,Bronze
Spencer Lucas,ftaylor@example.com,Spanish,749,Gold
Eric Kline,yolanda93@example.org,Spanish,752,Gold
Rebecca Jimenez,joshua09@example.net,Spanish,843,Silver
Charles Hardy,amandayoung@example.net,English,406,Bronze
Wendy Wilson,brownjacob@example.org,German,462,Silver
Curtis Scott,crystalcollins@example.com,English,930,Bronze
Charles Wagner,shelley32@example.com,Spanish,369,Gold
Matthew Ramos,richardgarcia@example.org,German,178,Bronze
Gabrielle Barton,lauriedelgado@example.net,English,791,Silver
Gregory Wilkinson,miranda20@example.com,French,280,Gold
Bethany Horton,jason11@example.com,French,635,Gold
Anthony Herring,torresscott@example.com,German,822,Bronze
Laura Carney,carlsonamy@example.com,English,523,Silver
Linda Garcia,nicolemanning@example.com,Spanish,274,Gold
Sharon Wong,clifford57@example.org,French,879,Silver
Joshua King,michaelsweeney@example.com,French,587,Silver
Shane Morris,sbowers@example.org,English,974,Bronze
Richard Mccarthy,pbenjamin@example.net,French,765,Gold
Michael Nelson,katie98@example.org,Spanish,220,Silver
Alyssa Smith,shanecampbell@example.net,English,818,Bronze
Mr. Michael Jones Jr.,lenancy@example.com,French,876,Silver
Stephanie Shepherd,zreese@example.net,Spanish,901,Silver
Stephanie Kim,michael94@example.net,Spanish,366,Silver
Matthew Mendez,xbell@example.com,English,265,Bronze
Lynn Knox MD,bakerjordan@example.com,English,512,Gold
Robert Parsons,brittany77@example.net,Spanish,374,Bronze
Logan Stanley,randy21@example.org,Spanish,116,Gold
Don Meza,robinsonryan@example.org,English,268,Silver
Jason Preston,htaylor@example.org,French,805,Gold
Amanda Thompson,lisa77@example.org,German,986,Gold
Jennifer Thompson,thomasnathan@example.org,Spanish,856,Silver
Elijah Sullivan,mark41@example.org,Spanish,502,Silver
Christopher Davis,stevejackson@example.org,Spanish,164,Gold
Jordan Carter,nmorton@example.org,German,688,Bronze
Joanna Berry,harrispaul@example.net,German,328,Gold
Suzanne Cortez,figueroavalerie@example.org,German,183,Bronze
Daniel Gray,omoyer@example.com,Spanish,856,Silver
James Hays,burnsbrittany@example.com,German,316,Gold
Cathy Roberts,erikwagner@example.net,Spanish,277,Bronze
Joseph Buchanan III,carriejackson@example.net,English,812,Silver
Jean Dunn,jerry09@example.com,Spanish,83,Silver
Lisa Morris,jeremymueller@example.com,German,865,Gold
Parker Burch,pgomez@example.org,Spanish,984,Silver
Mr. Anthony Francis II,robertsjoel@example.org,French,821,Bronze
William Salas,wilsonjennifer@example.org,English,759,Bronze
David Baker,raymondvalerie@example.net,Spanish,463,Silver
Michael Lee,christine77@example.net,English,269,Gold
Kathleen Smith,sarah98@example.com,German,409,Silver
Jonathan White,qdillon@example.com,German,877,Bronze
Judith Little,nhamilton@example.com,French,425,Silver
Christina Harris,robertmcgrath@example.com,German,262,Bronze
Sarah Willis,davissarah@example.com,French,202,Silver
Anthony Reyes,oconnorkyle@example.org,German,860,Silver
Brittney Powers,pamelagreen@example.com,French,797,Gold
Tyler Bruce,benjamincynthia@example.com,German,728,Bronze
Mrs. Alicia Jones,cjordan@example.net,French,569,Bronze
Gregory Jackson,kbooker@example.com,German,746,Bronze
Jordan Maldonado,jonesrobert@example.com,French,283,Gold
Sarah Walters,jasminespencer@example.org,French,238,Silver
Christine Carter,wadams@example.net,Spanish,202,Bronze
John Weeks,ashley00@example.net,Spanish,48,Silver
Hannah Wolfe,keith55@example.net,French,891,Bronze
Mr. John Yoder,briansolis@example.net,French,247,Bronze
Terry Roberts,kevin84@example.net,German,779,Bronze
Bradley Potter,ebaker@example.com,Spanish,201,Bronze
Bethany Jones,stephanie19@example.com,Spanish,766,Bronze
Jacqueline Lane,kellimonroe@example.com,Spanish,345,Gold
Ronald Young,xleonard@example.net,German,371,Gold
Terry Jimenez,bankstina@example.org,English,387,Silver
Jeremiah Dennis,mjenkins@example.com,German,598,Silver
Michael Hart,jason67@example.org,Spanish,709,Bronze
Robert Ho,matthewcarr@example.org,Spanish,930,Bronze
Jacob Hansen Jr.,jeremy50@example.net,German,187,Gold
Courtney Williams,jessicajackson@example.com,French,505,Silver
Donna Duncan,mmiller@example.org,English,483,Silver
Ann Martinez,xsanders@example.net,Spanish,234,Gold
Mary Lewis,stephanie23@example.net,French,766,Gold
Brandi West PhD,delacruzmelinda@example.net,French,491,Bronze
Amanda Jones,freemanpaul@example.com,Spanish,685,Silver
Paul Adkins,zcollins@example.org,English,446,Bronze
Meghan Hayes,lisasmith@example.net,English,548,Gold
Jaime Perez,robertsjoanna@example.org,English,11,Silver
Melissa White,james18@example.org,English,40,Bronze
Aaron Clark,heathjeffrey@example.net,English,896,Silver
Melissa Kelly,danielle26@example.org,Spanish,762,Bronze
Christopher Juarez,hfitzpatrick@example.net,English,315,Silver
George Phillips,jenkinseric@example.com,German,605,Bronze
Jacob Roberts,garrettleonard@example.com,French,891,Bronze
Ian Nguyen,jacobsonpeter@example.net,German,69,Gold
Charles Parker,mparker@example.net,English,66,Gold
Ryan Russell,hodgejoseph@example.net,English,892,Bronze
Jesse Rogers,josehayes@example.org,German,865,Gold
Lisa Lawrence MD,santiagoashley@example.com,English,43,Gold
Heidi Mathews,simmonselizabeth@example.net,Spanish,69,Silver
Michael Morales,jared33@example.org,Spanish,294,Silver
William Reed,imooney@example.org,Spanish,256,Silver
Jessica Mendoza,acain@example.net,French,107,Gold
Carolyn Robbins,william10@example.net,Spanish,216,Gold
Sarah King,salinasedward@example.net,English,579,Gold
Tyler Moore,omartin@example.org,French,970,Bronze
Anthony Simon,larry09@example.org,German,388,Bronze
Susan Williams,munozmiguel@example.org,Spanish,558,Gold
Steven Johnson,vstephens@example.org,English,556,Bronze
Garrett Thompson,cheryl82@example.com,English,275,Gold
Jessica King,combsbenjamin@example.net,English,994,Bronze
James Jensen,lesliemarquez@example.org,Spanish,836,Silver
David Bowman,mmitchell@example.com,English,454,Gold
Brad Andrade,jayala@example.org,German,510,Gold
Robert Fry,chambersangela@example.net,German,12,Bronze
Sara Young,chadroberts@example.net,Spanish,82,Silver
Christopher Owens,fherrera@example.org,German,899,Silver
Trevor Davis,hunter66@example.com,French,870,Bronze
Heather Vasquez,angela90@example.org,Spanish,519,Gold
Ronald Wilson,spencer31@example.org,German,111,Silver
Daniel Nelson,aaron45@example.org,Spanish,758,Bronze
Shannon Harris MD,justingray@example.com,French,813,Gold
Brittany Stephens,jhernandez@example.net,Spanish,664,Bronze
Mariah Williams,maurice83@example.com,English,435,Bronze
Corey Meadows,archerjason@example.org,French,432,Silver
Gerald Dougherty,hollandlaura@example.net,English,937,Gold
Donna Deleon,phughes@example.com,German,851,Bronze
Marie Sanford,qadams@example.com,Spanish,987,Gold
Makayla Clements,rebeccaatkinson@example.net,French,157,Gold
Bob Cooper,hfields@example.com,German,343,Silver
Renee Hill,murphyterry@example.net,German,986,Silver
John Harris,scottgibbs@example.net,English,902,Gold
Rebecca Wilkins,amanda39@example.net,French,247,Gold
Joseph Nelson,billylittle@example.org,French,323,Gold
Terri Burns,csnow@example.com,French,604,Gold
Michael Davis,bowersian@example.com,French,866,Silver
Dominique Stark,andrew77@example.org,German,936,Silver
Caroline Hill,nicole50@example.com,French,554,Gold
Ryan Newman,stephen43@example.org,French,41,Bronze
Amanda Williamson,jenkinschloe@example.net,German,404,Silver
Matthew Callahan,carrie08@example.net,English,869,Gold
David Olsen,andrew07@example.org,French,512,Gold
Maria Brown,tharris@example.com,German,488,Silver
Sierra Miller,jacob45@example.org,French,37,Silver
William Singh,travis76@example.net,English,331,Silver
Ryan Johnson,ballardjason@example.com,English,232,Bronze
Johnathan Smith,brownwilliam@example.org,Spanish,827,Bronze
Sara Morris,phillip82@example.com,French,58,Silver
Michele Buckley,ronaldhunt@example.com,English,867,Silver
Tiffany Gonzalez,wilsonjohn@example.org,English,418,Bronze
Melissa Williams,michael07@example.org,Spanish,617,Gold
Sarah Leach,ellisrandy@example.net,German,735,Bronze
Brandon Gardner,jennifersanchez@example.com,French,848,Gold
Maria Morris,sandra94@example.net,Spanish,928,Gold
Kendra Cochran,bwiley@example.org,Spanish,57,Gold
Joseph Baker,wjames@example.org,French,647,Gold
Jeremy Griffin,briggsjessica@example.com,French,318,Silver
Natalie Johnson,karen79@example.net,French,853,Gold
Lori Watson,kaitlyn62@example.org,German,245,Gold
Mary Garner,mmorgan@example.net,Spanish,818,Bronze
Victoria Carroll,taylorjohn@example.net,English,210,Silver
David Anderson,michael05@example.org,German,510,Gold
Mark Gilbert,albertvasquez@example.com,German,100,Bronze
Danielle Jones,taustin@example.org,French,968,Silver
Michael Miller,qross@example.org,German,745,Silver
Edwin Oliver,richard21@example.net,German,829,Bronze
Raven Ingram,jeremyhansen@example.net,English,829,Gold
Caleb Burgess,daniellekeller@example.org,French,522,Bronze
Timothy Cameron,udickson@example.net,English,805,Silver
Paige Green,mark03@example.org,Spanish,93,Silver
Edward Martinez,mary50@example.org,English,520,Bronze
Kayla Pratt,fieldsgeorge@example.com,Spanish,243,Silver
Curtis Simpson,matthewbaker@example.com,French,918,Bronze
Jessica Saunders,yjackson@example.com,French,244,Silver
Cameron Reyes,haleyronald@example.com,German,805,Gold
Crystal Burke,jesus79@example.org,French,162,Gold
Jillian Nichols,ryanarnold@example.com,German,350,Gold
Mark Hartman,alexellis@example.org,German,776,Bronze
Ryan Lambert,psteele@example.com,Spanish,27,Bronze
Taylor Moreno,stephensjennifer@example.net,French,35,Bronze
Karen Burke,sanderssean@example.org,German,130,Silver
Jeremy Contreras,hmaxwell@example.com,German,698,Bronze
Barbara Wall,davidmiller@example.org,English,574,Silver
Steven Morales,smiller@example.com,English,765,Bronze
William Prince,travismary@example.net,French,595,Gold
Gabriel Brown,tarawagner@example.com,Spanish,515,Gold
Seth Stewart,hansonamber@example.net,English,2,Gold
Hector Ellison,travislee@example.com,Spanish,292,Silver
Michael Patel,klopez@example.net,Spanish,649,Gold
Jennifer Powers,ryanmichael@example.net,French,595,Bronze
Colleen Jenkins,andrew55@example.org,French,93,Silver
Melissa Weaver,jay40@example.com,Spanish,557,Silver
Kenneth Parks,harmonstacey@example.org,Spanish,502,Bronze
Juan Harmon,codyross@example.com,Spanish,617,Silver
Matthew Harris,benjamin79@example.net,English,223,Bronze
Ms. Dana Martinez,lbrown@example.net,Spanish,764,Bronze
Timothy Carson,johnfriedman@example.org,English,950,Gold
David Fry,charlesrussell@example.org,Spanish,428,Silver
Phyllis Bradford,rodriguezamanda@example.net,English,348,Silver
Brandy Gill,irice@example.net,Spanish,652,Bronze
Brenda Adams,pharrison@example.com,English,318,Silver
Terri Pierce,lee49@example.com,English,242,Bronze
Jennifer Reeves,edwinmyers@example.org,German,829,Silver
Patricia Brown,smithspencer@example.org,English,504,Gold
Richard Mckenzie,kennethestrada@example.net,German,71,Bronze
Kevin Carpenter,jennifer76@example.com,Spanish,977,Gold
Phillip Travis,campbellamanda@example.com,English,18,Gold
Rodney Hensley,georgemclean@example.org,German,683,Silver
John Webb,hudsonconnie@example.com,French,264,Silver
Michael Wilson,browntiffany@example.com,German,479,Silver
Tracy Watson,bpeterson@example.org,French,391,Gold
Richard Brooks,ygordon@example.com,Spanish,450,Gold
Amanda Mills,dwarren@example.net,French,340,Silver
Kendra Gutierrez,jeffrey30@example.com,English,578,Silver
Steven Johnston,qtucker@example.net,French,6,Silver
Amanda Edwards,garciarachel@example.net,English,142,Bronze
Jason Washington,esilva@example.net,Spanish,102,Gold
Angela Jimenez,cjordan@example.org,English,435,Silver
Heather Schneider,hrobinson@example.org,English,497,Gold
Brandy Johnson,alexander41@example.org,Spanish,132,Silver
Angela Davis,copelandcraig@example.org,German,777,Bronze
Michael Williams,pbrown@example.org,Spanish,40,Gold
Rebecca Hernandez,meganvargas@example.org,German,247,Bronze
Kevin Bernard,tstokes@example.com,Spanish,629,Bronze
Ryan Green,hothomas@example.net,French,537,Silver
Scott Mcguire,bonnie35@example.org,Spanish,797,Bronze
Yvonne Reed,melissa79@example.com,German,324,Gold
Courtney Berg,jimenezjessica@example.net,English,369,Gold
Kathryn Carson,kimberly32@example.net,French,177,Silver
Charles Berry,scott30@example.com,English,83,Silver
Timothy Rodriguez,fwilliams@example.net,Spanish,423,Gold
Jenna Hernandez,rstone@example.net,Spanish,75,Silver
Jose Hill,brettyoder@example.org,Spanish,37,Gold
Judy Flores,opatel@example.net,English,585,Gold
